AAindex	Loop	Family	Sequence_name	Value
Sequence_size	1	23	1f2sI	7.0
BHAR880101	1	23	1f2sI	0.46
CASG920101	1	23	1f2sI	0.5
CHAM830107	1	23	1f2sI	0.0
CHOP780201	1	23	1f2sI	1.08
CHOP780202	1	23	1f2sI	1.05
CHOP780203	1	23	1f2sI	0.95
CIDH920105	1	23	1f2sI	0.77
DAYM780201	1	23	1f2sI	65.0
EISD860102	1	23	1f2sI	1.6
FASG760101	1	23	1f2sI	147.13
FAUJ880111	1	23	1f2sI	0.0
FAUJ880111	1	23	1f2sI	0.0
FAUJ880112	1	23	1f2sI	0.0
GOLD730101	1	23	1f2sI	1.3
GRAR740102	1	23	1f2sI	5.7
JANJ780101	1	23	1f2sI	34.7
JANJ780102	1	23	1f2sI	49.0
JANJ780103	1	23	1f2sI	20.0
JOND750101	1	23	1f2sI	1.67
JOND920102	1	23	1f2sI	77.0
KLEP840101	1	23	1f2sI	0.0
KRIW790101	1	23	1f2sI	2.78
KRIW790102	1	23	1f2sI	0.15
KYTJ820101	1	23	1f2sI	-0.9
MITS020101	1	23	1f2sI	0.0
PONP930101	1	23	1f2sI	1.42
RACS820114	1	23	1f2sI	20.28
RADA880108	1	23	1f2sI	0.88
TAKK010101	1	23	1f2sI	11.9
TAKK010101	1	23	1f2sI	11.9
VINM940101	1	23	1f2sI	0.95
WARP780101	1	23	1f2sI	8.07
WOLR790101	1	23	1f2sI	0.54
ZIMJ680101	1	23	1f2sI	1.4
Sequence_size	1	23	1h9hI	7.0
BHAR880101	1	23	1h9hI	0.46
CASG920101	1	23	1h9hI	0.5
CHAM830107	1	23	1h9hI	0.0
CHOP780201	1	23	1h9hI	0.98
CHOP780202	1	23	1h9hI	1.19
CHOP780203	1	23	1h9hI	0.96
CIDH920105	1	23	1h9hI	0.77
DAYM780201	1	23	1h9hI	65.0
EISD860102	1	23	1h9hI	1.2
FASG760101	1	23	1h9hI	131.17
FAUJ880111	1	23	1h9hI	0.0
FAUJ880111	1	23	1h9hI	0.0
FAUJ880112	1	23	1h9hI	0.0
GOLD730101	1	23	1h9hI	2.4
GRAR740102	1	23	1h9hI	5.5
JANJ780101	1	23	1h9hI	27.6
JANJ780102	1	23	1h9hI	60.0
JANJ780103	1	23	1h9hI	16.0
JOND750101	1	23	1h9hI	2.17
JOND920102	1	23	1h9hI	83.0
KLEP840101	1	23	1h9hI	0.0
KRIW790101	1	23	1h9hI	3.93
KRIW790102	1	23	1h9hI	0.16
KYTJ820101	1	23	1h9hI	2.5
MITS020101	1	23	1h9hI	0.0
PONP930101	1	23	1h9hI	1.99
RACS820114	1	23	1h9hI	20.28
RADA880108	1	23	1h9hI	1.21
TAKK010101	1	23	1h9hI	15.0
TAKK010101	1	23	1h9hI	15.0
VINM940101	1	23	1h9hI	0.94
WARP780101	1	23	1h9hI	8.72
WOLR790101	1	23	1h9hI	0.59
ZIMJ680101	1	23	1h9hI	2.52
Sequence_size	1	23	1h9iI	7.0
BHAR880101	1	23	1h9iI	0.46
CASG920101	1	23	1h9iI	0.5
CHAM830107	1	23	1h9iI	0.0
CHOP780201	1	23	1h9iI	0.98
CHOP780202	1	23	1h9iI	1.19
CHOP780203	1	23	1h9iI	0.96
CIDH920105	1	23	1h9iI	0.77
DAYM780201	1	23	1h9iI	65.0
EISD860102	1	23	1h9iI	1.2
FASG760101	1	23	1h9iI	131.17
FAUJ880111	1	23	1h9iI	0.0
FAUJ880111	1	23	1h9iI	0.0
FAUJ880112	1	23	1h9iI	0.0
GOLD730101	1	23	1h9iI	2.4
GRAR740102	1	23	1h9iI	5.5
JANJ780101	1	23	1h9iI	27.6
JANJ780102	1	23	1h9iI	60.0
JANJ780103	1	23	1h9iI	16.0
JOND750101	1	23	1h9iI	2.17
JOND920102	1	23	1h9iI	83.0
KLEP840101	1	23	1h9iI	0.0
KRIW790101	1	23	1h9iI	3.93
KRIW790102	1	23	1h9iI	0.16
KYTJ820101	1	23	1h9iI	2.5
MITS020101	1	23	1h9iI	0.0
PONP930101	1	23	1h9iI	1.99
RACS820114	1	23	1h9iI	20.28
RADA880108	1	23	1h9iI	1.21
TAKK010101	1	23	1h9iI	15.0
TAKK010101	1	23	1h9iI	15.0
VINM940101	1	23	1h9iI	0.94
WARP780101	1	23	1h9iI	8.72
WOLR790101	1	23	1h9iI	0.59
ZIMJ680101	1	23	1h9iI	2.52
Sequence_size	1	23	1mctI	7.0
BHAR880101	1	23	1mctI	0.46
CASG920101	1	23	1mctI	0.5
CHAM830107	1	23	1mctI	0.0
CHOP780201	1	23	1mctI	1.08
CHOP780202	1	23	1mctI	1.05
CHOP780203	1	23	1mctI	0.95
CIDH920105	1	23	1mctI	0.77
DAYM780201	1	23	1mctI	65.0
EISD860102	1	23	1mctI	1.6
FASG760101	1	23	1mctI	147.13
FAUJ880111	1	23	1mctI	0.0
FAUJ880111	1	23	1mctI	0.0
FAUJ880112	1	23	1mctI	0.0
GOLD730101	1	23	1mctI	1.3
GRAR740102	1	23	1mctI	5.7
JANJ780101	1	23	1mctI	34.7
JANJ780102	1	23	1mctI	49.0
JANJ780103	1	23	1mctI	20.0
JOND750101	1	23	1mctI	1.67
JOND920102	1	23	1mctI	77.0
KLEP840101	1	23	1mctI	0.0
KRIW790101	1	23	1mctI	2.78
KRIW790102	1	23	1mctI	0.15
KYTJ820101	1	23	1mctI	-0.9
MITS020101	1	23	1mctI	0.0
PONP930101	1	23	1mctI	1.42
RACS820114	1	23	1mctI	20.28
RADA880108	1	23	1mctI	0.88
TAKK010101	1	23	1mctI	11.9
TAKK010101	1	23	1mctI	11.9
VINM940101	1	23	1mctI	0.95
WARP780101	1	23	1mctI	8.07
WOLR790101	1	23	1mctI	0.54
ZIMJ680101	1	23	1mctI	1.4
Sequence_size	1	23	1mcvI	7.0
BHAR880101	1	23	1mcvI	0.42
CASG920101	1	23	1mcvI	0.5
CHAM830107	1	23	1mcvI	0.0
CHOP780201	1	23	1mcvI	0.98
CHOP780202	1	23	1mcvI	1.19
CHOP780203	1	23	1mcvI	0.96
CIDH920105	1	23	1mcvI	0.77
DAYM780201	1	23	1mcvI	65.0
EISD860102	1	23	1mcvI	1.8
FASG760101	1	23	1mcvI	147.13
FAUJ880111	1	23	1mcvI	0.0
FAUJ880111	1	23	1mcvI	0.0
FAUJ880112	1	23	1mcvI	0.0
GOLD730101	1	23	1mcvI	1.0
GRAR740102	1	23	1mcvI	6.2
JANJ780101	1	23	1mcvI	45.0
JANJ780102	1	23	1mcvI	30.0
JANJ780103	1	23	1mcvI	32.0
JOND750101	1	23	1mcvI	1.52
JOND920102	1	23	1mcvI	77.0
KLEP840101	1	23	1mcvI	0.0
KRIW790101	1	23	1mcvI	3.93
KRIW790102	1	23	1mcvI	0.25
KYTJ820101	1	23	1mcvI	-0.7
MITS020101	1	23	1mcvI	0.0
PONP930101	1	23	1mcvI	1.37
RACS820114	1	23	1mcvI	20.61
RADA880108	1	23	1mcvI	0.33
TAKK010101	1	23	1mcvI	7.3
TAKK010101	1	23	1mcvI	7.3
VINM940101	1	23	1mcvI	0.95
WARP780101	1	23	1mcvI	7.0
WOLR790101	1	23	1mcvI	-0.02
ZIMJ680101	1	23	1mcvI	1.4
Sequence_size	1	23	1ppeI	7.0
BHAR880101	1	23	1ppeI	0.46
CASG920101	1	23	1ppeI	0.5
CHAM830107	1	23	1ppeI	0.0
CHOP780201	1	23	1ppeI	1.08
CHOP780202	1	23	1ppeI	1.05
CHOP780203	1	23	1ppeI	0.95
CIDH920105	1	23	1ppeI	0.77
DAYM780201	1	23	1ppeI	65.0
EISD860102	1	23	1ppeI	1.2
FASG760101	1	23	1ppeI	131.17
FAUJ880111	1	23	1ppeI	0.0
FAUJ880111	1	23	1ppeI	0.0
FAUJ880112	1	23	1ppeI	0.0
GOLD730101	1	23	1ppeI	1.3
GRAR740102	1	23	1ppeI	5.7
JANJ780101	1	23	1ppeI	33.5
JANJ780102	1	23	1ppeI	52.0
JANJ780103	1	23	1ppeI	20.0
JOND750101	1	23	1ppeI	1.67
JOND920102	1	23	1ppeI	77.0
KLEP840101	1	23	1ppeI	0.0
KRIW790101	1	23	1ppeI	3.93
KRIW790102	1	23	1ppeI	0.16
KYTJ820101	1	23	1ppeI	1.9
MITS020101	1	23	1ppeI	0.0
PONP930101	1	23	1ppeI	1.42
RACS820114	1	23	1ppeI	20.28
RADA880108	1	23	1ppeI	1.21
TAKK010101	1	23	1ppeI	11.9
TAKK010101	1	23	1ppeI	11.9
VINM940101	1	23	1ppeI	0.95
WARP780101	1	23	1ppeI	8.72
WOLR790101	1	23	1ppeI	0.55
ZIMJ680101	1	23	1ppeI	1.48
Sequence_size	1	23	2btcI	7.0
BHAR880101	1	23	2btcI	0.46
CASG920101	1	23	2btcI	0.5
CHAM830107	1	23	2btcI	0.0
CHOP780201	1	23	2btcI	1.16
CHOP780202	1	23	2btcI	1.05
CHOP780203	1	23	2btcI	0.95
CIDH920105	1	23	2btcI	0.77
DAYM780201	1	23	2btcI	56.0
EISD860102	1	23	2btcI	1.2
FASG760101	1	23	2btcI	131.17
FAUJ880111	1	23	2btcI	0.0
FAUJ880111	1	23	2btcI	0.0
FAUJ880112	1	23	2btcI	0.0
GOLD730101	1	23	2btcI	1.5
GRAR740102	1	23	2btcI	5.7
JANJ780101	1	23	2btcI	33.5
JANJ780102	1	23	2btcI	52.0
JANJ780103	1	23	2btcI	20.0
JOND750101	1	23	2btcI	1.67
JOND920102	1	23	2btcI	72.0
KLEP840101	1	23	2btcI	0.0
KRIW790101	1	23	2btcI	3.93
KRIW790102	1	23	2btcI	0.16
KYTJ820101	1	23	2btcI	1.9
MITS020101	1	23	2btcI	0.0
PONP930101	1	23	2btcI	1.42
RACS820114	1	23	2btcI	20.28
RADA880108	1	23	2btcI	1.21
TAKK010101	1	23	2btcI	11.9
TAKK010101	1	23	2btcI	11.9
VINM940101	1	23	2btcI	0.95
WARP780101	1	23	2btcI	8.72
WOLR790101	1	23	2btcI	0.55
ZIMJ680101	1	23	2btcI	1.6
Sequence_size	1	23	2staI	7.0
BHAR880101	1	23	2staI	0.46
CASG920101	1	23	2staI	0.5
CHAM830107	1	23	2staI	0.0
CHOP780201	1	23	2staI	1.08
CHOP780202	1	23	2staI	1.05
CHOP780203	1	23	2staI	0.95
CIDH920105	1	23	2staI	0.77
DAYM780201	1	23	2staI	65.0
EISD860102	1	23	2staI	1.2
FASG760101	1	23	2staI	131.17
FAUJ880111	1	23	2staI	0.0
FAUJ880111	1	23	2staI	0.0
FAUJ880112	1	23	2staI	0.0
GOLD730101	1	23	2staI	1.3
GRAR740102	1	23	2staI	5.7
JANJ780101	1	23	2staI	33.5
JANJ780102	1	23	2staI	52.0
JANJ780103	1	23	2staI	20.0
JOND750101	1	23	2staI	1.67
JOND920102	1	23	2staI	77.0
KLEP840101	1	23	2staI	0.0
KRIW790101	1	23	2staI	3.93
KRIW790102	1	23	2staI	0.16
KYTJ820101	1	23	2staI	1.9
MITS020101	1	23	2staI	0.0
PONP930101	1	23	2staI	1.42
RACS820114	1	23	2staI	20.28
RADA880108	1	23	2staI	1.21
TAKK010101	1	23	2staI	11.9
TAKK010101	1	23	2staI	11.9
VINM940101	1	23	2staI	0.95
WARP780101	1	23	2staI	8.72
WOLR790101	1	23	2staI	0.55
ZIMJ680101	1	23	2staI	1.48
Sequence_size	1	23	2stbI	7.0
BHAR880101	1	23	2stbI	0.46
CASG920101	1	23	2stbI	0.5
CHAM830107	1	23	2stbI	0.0
CHOP780201	1	23	2stbI	1.16
CHOP780202	1	23	2stbI	1.05
CHOP780203	1	23	2stbI	0.95
CIDH920105	1	23	2stbI	0.77
DAYM780201	1	23	2stbI	56.0
EISD860102	1	23	2stbI	1.2
FASG760101	1	23	2stbI	131.17
FAUJ880111	1	23	2stbI	0.0
FAUJ880111	1	23	2stbI	0.0
FAUJ880112	1	23	2stbI	0.0
GOLD730101	1	23	2stbI	1.5
GRAR740102	1	23	2stbI	5.7
JANJ780101	1	23	2stbI	33.5
JANJ780102	1	23	2stbI	52.0
JANJ780103	1	23	2stbI	20.0
JOND750101	1	23	2stbI	1.67
JOND920102	1	23	2stbI	72.0
KLEP840101	1	23	2stbI	0.0
KRIW790101	1	23	2stbI	3.93
KRIW790102	1	23	2stbI	0.16
KYTJ820101	1	23	2stbI	1.9
MITS020101	1	23	2stbI	0.0
PONP930101	1	23	2stbI	1.42
RACS820114	1	23	2stbI	20.28
RADA880108	1	23	2stbI	1.21
TAKK010101	1	23	2stbI	11.9
TAKK010101	1	23	2stbI	11.9
VINM940101	1	23	2stbI	0.95
WARP780101	1	23	2stbI	8.72
WOLR790101	1	23	2stbI	0.55
ZIMJ680101	1	23	2stbI	1.6
Sequence_size	2	23	1f2sI	6.0
BHAR880101	2	23	1f2sI	0.51
CASG920101	2	23	1f2sI	-1.05
CHAM830107	2	23	1f2sI	0.0
CHOP780201	2	23	1f2sI	0.99
CHOP780202	2	23	1f2sI	0.74
CHOP780203	2	23	1f2sI	1.31
CIDH920105	2	23	1f2sI	-0.69
DAYM780201	2	23	1f2sI	85.5
EISD860102	2	23	1f2sI	1.9
FASG760101	2	23	1f2sI	133.1
FAUJ880111	2	23	1f2sI	0.0
FAUJ880111	2	23	1f2sI	0.0
FAUJ880112	2	23	1f2sI	0.0
GOLD730101	2	23	1f2sI	0.38
GRAR740102	2	23	1f2sI	10.9
JANJ780101	2	23	1f2sI	60.6
JANJ780102	2	23	1f2sI	19.0
JANJ780103	2	23	1f2sI	50.0
JOND750101	2	23	1f2sI	0.76
JOND920102	2	23	1f2sI	84.5
KLEP840101	2	23	1f2sI	0.0
KRIW790101	2	23	1f2sI	6.04
KRIW790102	2	23	1f2sI	0.33
KYTJ820101	2	23	1f2sI	-3.5
MITS020101	2	23	1f2sI	0.0
PONP930101	2	23	1f2sI	-0.81
RACS820114	2	23	1f2sI	19.17
RADA880108	2	23	1f2sI	-0.8
TAKK010101	2	23	1f2sI	4.9
TAKK010101	2	23	1f2sI	4.9
VINM940101	2	23	1f2sI	1.06
WARP780101	2	23	1f2sI	5.97
WOLR790101	2	23	1f2sI	-0.81
ZIMJ680101	2	23	1f2sI	0.73
Sequence_size	2	23	1h9hI	6.0
BHAR880101	2	23	1h9hI	0.5
CASG920101	2	23	1h9hI	-1.25
CHAM830107	2	23	1h9hI	0.0
CHOP780201	2	23	1h9hI	1.01
CHOP780202	2	23	1h9hI	0.74
CHOP780203	2	23	1h9hI	1.31
CIDH920105	2	23	1h9hI	-1.0
DAYM780201	2	23	1h9hI	99.5
EISD860102	2	23	1h9hI	1.9
FASG760101	2	23	1h9hI	133.1
FAUJ880111	2	23	1h9hI	0.0
FAUJ880111	2	23	1h9hI	0.0
FAUJ880112	2	23	1h9hI	0.0
GOLD730101	2	23	1h9hI	0.29
GRAR740102	2	23	1h9hI	10.9
JANJ780101	2	23	1h9hI	60.6
JANJ780102	2	23	1h9hI	19.0
JANJ780103	2	23	1h9hI	50.0
JOND750101	2	23	1h9hI	0.66
JOND920102	2	23	1h9hI	85.0
KLEP840101	2	23	1h9hI	0.0
KRIW790101	2	23	1h9hI	6.04
KRIW790102	2	23	1h9hI	0.33
KYTJ820101	2	23	1h9hI	-3.5
MITS020101	2	23	1h9hI	0.0
PONP930101	2	23	1h9hI	-0.81
RACS820114	2	23	1h9hI	19.78
RADA880108	2	23	1h9hI	-0.77
TAKK010101	2	23	1h9hI	3.95
TAKK010101	2	23	1h9hI	3.95
VINM940101	2	23	1h9hI	1.06
WARP780101	2	23	1h9hI	5.76
WOLR790101	2	23	1h9hI	-0.79
ZIMJ680101	2	23	1h9hI	0.64
Sequence_size	2	23	1h9iI	6.0
BHAR880101	2	23	1h9iI	0.5
CASG920101	2	23	1h9iI	-1.25
CHAM830107	2	23	1h9iI	0.0
CHOP780201	2	23	1h9iI	1.01
CHOP780202	2	23	1h9iI	0.74
CHOP780203	2	23	1h9iI	1.31
CIDH920105	2	23	1h9iI	-1.0
DAYM780201	2	23	1h9iI	99.5
EISD860102	2	23	1h9iI	1.9
FASG760101	2	23	1h9iI	133.1
FAUJ880111	2	23	1h9iI	0.0
FAUJ880111	2	23	1h9iI	0.0
FAUJ880112	2	23	1h9iI	0.0
GOLD730101	2	23	1h9iI	0.29
GRAR740102	2	23	1h9iI	10.9
JANJ780101	2	23	1h9iI	60.6
JANJ780102	2	23	1h9iI	19.0
JANJ780103	2	23	1h9iI	50.0
JOND750101	2	23	1h9iI	0.66
JOND920102	2	23	1h9iI	85.0
KLEP840101	2	23	1h9iI	0.0
KRIW790101	2	23	1h9iI	6.04
KRIW790102	2	23	1h9iI	0.33
KYTJ820101	2	23	1h9iI	-3.5
MITS020101	2	23	1h9iI	0.0
PONP930101	2	23	1h9iI	-0.81
RACS820114	2	23	1h9iI	19.78
RADA880108	2	23	1h9iI	-0.77
TAKK010101	2	23	1h9iI	3.95
TAKK010101	2	23	1h9iI	3.95
VINM940101	2	23	1h9iI	1.06
WARP780101	2	23	1h9iI	5.76
WOLR790101	2	23	1h9iI	-0.79
ZIMJ680101	2	23	1h9iI	0.64
Sequence_size	2	23	1mctI	6.0
BHAR880101	2	23	1mctI	0.51
CASG920101	2	23	1mctI	-0.7
CHAM830107	2	23	1mctI	0.0
CHOP780201	2	23	1mctI	0.91
CHOP780202	2	23	1mctI	0.84
CHOP780203	2	23	1mctI	1.22
CIDH920105	2	23	1mctI	-0.87
DAYM780201	2	23	1mctI	101.5
EISD860102	2	23	1mctI	1.7
FASG760101	2	23	1mctI	127.12
FAUJ880111	2	23	1mctI	0.0
FAUJ880111	2	23	1mctI	0.0
FAUJ880112	2	23	1mctI	0.0
GOLD730101	2	23	1mctI	0.23
GRAR740102	2	23	1mctI	9.85
JANJ780101	2	23	1mctI	52.8
JANJ780102	2	23	1mctI	24.5
JANJ780103	2	23	1mctI	41.0
JOND750101	2	23	1mctI	0.66
JOND920102	2	23	1mctI	86.0
KLEP840101	2	23	1mctI	0.0
KRIW790101	2	23	1mctI	5.71
KRIW790102	2	23	1mctI	0.3
KYTJ820101	2	23	1mctI	-2.15
MITS020101	2	23	1mctI	0.0
PONP930101	2	23	1mctI	-0.3
RACS820114	2	23	1mctI	19.78
RADA880108	2	23	1mctI	-0.65
TAKK010101	2	23	1mctI	4.9
TAKK010101	2	23	1mctI	4.9
VINM940101	2	23	1mctI	1.03
WARP780101	2	23	1mctI	6.59
WOLR790101	2	23	1mctI	-0.44
ZIMJ680101	2	23	1mctI	0.64
Sequence_size	2	23	1mcvI	6.0
BHAR880101	2	23	1mcvI	0.5
CASG920101	2	23	1mcvI	-1.25
CHAM830107	2	23	1mcvI	0.0
CHOP780201	2	23	1mcvI	1.01
CHOP780202	2	23	1mcvI	0.74
CHOP780203	2	23	1mcvI	1.31
CIDH920105	2	23	1mcvI	-1.0
DAYM780201	2	23	1mcvI	99.5
EISD860102	2	23	1mcvI	1.9
FASG760101	2	23	1mcvI	133.1
FAUJ880111	2	23	1mcvI	0.0
FAUJ880111	2	23	1mcvI	0.0
FAUJ880112	2	23	1mcvI	0.0
GOLD730101	2	23	1mcvI	0.29
GRAR740102	2	23	1mcvI	10.9
JANJ780101	2	23	1mcvI	60.6
JANJ780102	2	23	1mcvI	19.0
JANJ780103	2	23	1mcvI	50.0
JOND750101	2	23	1mcvI	0.66
JOND920102	2	23	1mcvI	85.0
KLEP840101	2	23	1mcvI	0.0
KRIW790101	2	23	1mcvI	6.04
KRIW790102	2	23	1mcvI	0.33
KYTJ820101	2	23	1mcvI	-3.5
MITS020101	2	23	1mcvI	0.0
PONP930101	2	23	1mcvI	-0.81
RACS820114	2	23	1mcvI	19.78
RADA880108	2	23	1mcvI	-0.77
TAKK010101	2	23	1mcvI	3.95
TAKK010101	2	23	1mcvI	3.95
VINM940101	2	23	1mcvI	1.06
WARP780101	2	23	1mcvI	5.76
WOLR790101	2	23	1mcvI	-0.79
ZIMJ680101	2	23	1mcvI	0.64
Sequence_size	2	23	1ppeI	6.0
BHAR880101	2	23	1ppeI	0.49
CASG920101	2	23	1ppeI	-1.4
CHAM830107	2	23	1ppeI	0.0
CHOP780201	2	23	1ppeI	1.01
CHOP780202	2	23	1ppeI	0.74
CHOP780203	2	23	1ppeI	1.31
CIDH920105	2	23	1ppeI	-0.69
DAYM780201	2	23	1ppeI	81.0
EISD860102	2	23	1ppeI	1.9
FASG760101	2	23	1ppeI	133.1
FAUJ880111	2	23	1ppeI	0.0
FAUJ880111	2	23	1ppeI	0.0
FAUJ880112	2	23	1ppeI	0.0
GOLD730101	2	23	1ppeI	0.5
GRAR740102	2	23	1ppeI	11.3
JANJ780101	2	23	1ppeI	60.6
JANJ780102	2	23	1ppeI	19.0
JANJ780103	2	23	1ppeI	50.0
JOND750101	2	23	1ppeI	1.09
JOND920102	2	23	1ppeI	79.0
KLEP840101	2	23	1ppeI	0.0
KRIW790101	2	23	1ppeI	6.04
KRIW790102	2	23	1ppeI	0.33
KYTJ820101	2	23	1ppeI	-3.5
MITS020101	2	23	1ppeI	0.0
PONP930101	2	23	1ppeI	-1.1
RACS820114	2	23	1ppeI	19.17
RADA880108	2	23	1ppeI	-0.8
TAKK010101	2	23	1ppeI	4.9
TAKK010101	2	23	1ppeI	4.9
VINM940101	2	23	1ppeI	1.07
WARP780101	2	23	1ppeI	5.76
WOLR790101	2	23	1ppeI	-0.8
ZIMJ680101	2	23	1ppeI	1.06
Sequence_size	2	23	2btcI	6.0
BHAR880101	2	23	2btcI	0.49
CASG920101	2	23	2btcI	-1.4
CHAM830107	2	23	2btcI	0.0
CHOP780201	2	23	2btcI	1.01
CHOP780202	2	23	2btcI	0.74
CHOP780203	2	23	2btcI	1.31
CIDH920105	2	23	2btcI	-0.69
DAYM780201	2	23	2btcI	81.0
EISD860102	2	23	2btcI	1.9
FASG760101	2	23	2btcI	133.1
FAUJ880111	2	23	2btcI	0.0
FAUJ880111	2	23	2btcI	0.0
FAUJ880112	2	23	2btcI	0.0
GOLD730101	2	23	2btcI	0.5
GRAR740102	2	23	2btcI	11.3
JANJ780101	2	23	2btcI	60.6
JANJ780102	2	23	2btcI	19.0
JANJ780103	2	23	2btcI	50.0
JOND750101	2	23	2btcI	1.09
JOND920102	2	23	2btcI	79.0
KLEP840101	2	23	2btcI	0.0
KRIW790101	2	23	2btcI	6.04
KRIW790102	2	23	2btcI	0.33
KYTJ820101	2	23	2btcI	-3.5
MITS020101	2	23	2btcI	0.0
PONP930101	2	23	2btcI	-1.1
RACS820114	2	23	2btcI	19.17
RADA880108	2	23	2btcI	-0.8
TAKK010101	2	23	2btcI	4.9
TAKK010101	2	23	2btcI	4.9
VINM940101	2	23	2btcI	1.07
WARP780101	2	23	2btcI	5.76
WOLR790101	2	23	2btcI	-0.8
ZIMJ680101	2	23	2btcI	1.06
Sequence_size	2	23	2staI	6.0
BHAR880101	2	23	2staI	0.49
CASG920101	2	23	2staI	-1.4
CHAM830107	2	23	2staI	0.0
CHOP780201	2	23	2staI	1.01
CHOP780202	2	23	2staI	0.74
CHOP780203	2	23	2staI	1.31
CIDH920105	2	23	2staI	-0.69
DAYM780201	2	23	2staI	81.0
EISD860102	2	23	2staI	1.9
FASG760101	2	23	2staI	133.1
FAUJ880111	2	23	2staI	0.0
FAUJ880111	2	23	2staI	0.0
FAUJ880112	2	23	2staI	0.0
GOLD730101	2	23	2staI	0.5
GRAR740102	2	23	2staI	11.3
JANJ780101	2	23	2staI	60.6
JANJ780102	2	23	2staI	19.0
JANJ780103	2	23	2staI	50.0
JOND750101	2	23	2staI	1.09
JOND920102	2	23	2staI	79.0
KLEP840101	2	23	2staI	0.0
KRIW790101	2	23	2staI	6.04
KRIW790102	2	23	2staI	0.33
KYTJ820101	2	23	2staI	-3.5
MITS020101	2	23	2staI	0.0
PONP930101	2	23	2staI	-1.1
RACS820114	2	23	2staI	19.17
RADA880108	2	23	2staI	-0.8
TAKK010101	2	23	2staI	4.9
TAKK010101	2	23	2staI	4.9
VINM940101	2	23	2staI	1.07
WARP780101	2	23	2staI	5.76
WOLR790101	2	23	2staI	-0.8
ZIMJ680101	2	23	2staI	1.06
Sequence_size	2	23	2stbI	6.0
BHAR880101	2	23	2stbI	0.49
CASG920101	2	23	2stbI	-1.4
CHAM830107	2	23	2stbI	0.0
CHOP780201	2	23	2stbI	1.01
CHOP780202	2	23	2stbI	0.74
CHOP780203	2	23	2stbI	1.31
CIDH920105	2	23	2stbI	-0.69
DAYM780201	2	23	2stbI	81.0
EISD860102	2	23	2stbI	1.9
FASG760101	2	23	2stbI	133.1
FAUJ880111	2	23	2stbI	0.0
FAUJ880111	2	23	2stbI	0.0
FAUJ880112	2	23	2stbI	0.0
GOLD730101	2	23	2stbI	0.5
GRAR740102	2	23	2stbI	11.3
JANJ780101	2	23	2stbI	60.6
JANJ780102	2	23	2stbI	19.0
JANJ780103	2	23	2stbI	50.0
JOND750101	2	23	2stbI	1.09
JOND920102	2	23	2stbI	79.0
KLEP840101	2	23	2stbI	0.0
KRIW790101	2	23	2stbI	6.04
KRIW790102	2	23	2stbI	0.33
KYTJ820101	2	23	2stbI	-3.5
MITS020101	2	23	2stbI	0.0
PONP930101	2	23	2stbI	-1.1
RACS820114	2	23	2stbI	19.17
RADA880108	2	23	2stbI	-0.8
TAKK010101	2	23	2stbI	4.9
TAKK010101	2	23	2stbI	4.9
VINM940101	2	23	2stbI	1.07
WARP780101	2	23	2stbI	5.76
WOLR790101	2	23	2stbI	-0.8
ZIMJ680101	2	23	2stbI	1.06
Sequence_size	3	23	1f2sI	4.0
BHAR880101	3	23	1f2sI	0.35
CASG920101	3	23	1f2sI	0.35
CHAM830107	3	23	1f2sI	0.0
CHOP780201	3	23	1f2sI	1.44
CHOP780202	3	23	1f2sI	0.94
CHOP780203	3	23	1f2sI	0.84
CIDH920105	3	23	1f2sI	0.4
DAYM780201	3	23	1f2sI	97.0
EISD860102	3	23	1f2sI	1.03
FASG760101	3	23	1f2sI	134.14
FAUJ880111	3	23	1f2sI	0.0
FAUJ880111	3	23	1f2sI	0.0
FAUJ880112	3	23	1f2sI	0.0
GOLD730101	3	23	1f2sI	0.88
GRAR740102	3	23	1f2sI	6.9
JANJ780101	3	23	1f2sI	30.65
JANJ780102	3	23	1f2sI	51.5
JANJ780103	3	23	1f2sI	17.5
JOND750101	3	23	1f2sI	1.2
JOND920102	3	23	1f2sI	85.0
KLEP840101	3	23	1f2sI	0.0
KRIW790101	3	23	1f2sI	3.38
KRIW790102	3	23	1f2sI	0.2
KYTJ820101	3	23	1f2sI	1.85
MITS020101	3	23	1f2sI	0.0
PONP930101	3	23	1f2sI	1.14
RACS820114	3	23	1f2sI	19.4
RADA880108	3	23	1f2sI	0.6
TAKK010101	3	23	1f2sI	7.1
TAKK010101	3	23	1f2sI	7.1
VINM940101	3	23	1f2sI	0.97
WARP780101	3	23	1f2sI	9.02
WOLR790101	3	23	1f2sI	0.57
ZIMJ680101	3	23	1f2sI	1.11
Sequence_size	3	23	1h9hI	4.0
BHAR880101	3	23	1h9hI	0.36
CASG920101	3	23	1h9hI	0.35
CHAM830107	3	23	1h9hI	0.0
CHOP780201	3	23	1h9hI	0.95
CHOP780202	3	23	1h9hI	1.01
CHOP780203	3	23	1h9hI	0.85
CIDH920105	3	23	1h9hI	0.4
DAYM780201	3	23	1h9hI	44.5
EISD860102	3	23	1h9hI	0.09
FASG760101	3	23	1h9hI	105.12
FAUJ880111	3	23	1h9hI	0.0
FAUJ880111	3	23	1h9hI	0.0
FAUJ880112	3	23	1h9hI	0.0
GOLD730101	3	23	1h9hI	0.88
GRAR740102	3	23	1h9hI	6.8
JANJ780101	3	23	1h9hI	26.05
JANJ780102	3	23	1h9hI	56.0
JANJ780103	3	23	1h9hI	12.5
JOND750101	3	23	1h9hI	1.2
JOND920102	3	23	1h9hI	52.0
KLEP840101	3	23	1h9hI	0.0
KRIW790101	3	23	1h9hI	4.12
KRIW790102	3	23	1h9hI	0.22
KYTJ820101	3	23	1h9hI	2.15
MITS020101	3	23	1h9hI	0.0
PONP930101	3	23	1h9hI	1.42
RACS820114	3	23	1h9hI	22.55
RADA880108	3	23	1h9hI	0.57
TAKK010101	3	23	1h9hI	6.4
TAKK010101	3	23	1h9hI	6.4
VINM940101	3	23	1h9hI	0.96
WARP780101	3	23	1h9hI	8.84
WOLR790101	3	23	1h9hI	1.15
ZIMJ680101	3	23	1h9hI	1.16
Sequence_size	3	23	1h9iI	4.0
BHAR880101	3	23	1h9iI	0.36
CASG920101	3	23	1h9iI	0.35
CHAM830107	3	23	1h9iI	0.0
CHOP780201	3	23	1h9iI	0.95
CHOP780202	3	23	1h9iI	1.01
CHOP780203	3	23	1h9iI	0.85
CIDH920105	3	23	1h9iI	0.4
DAYM780201	3	23	1h9iI	44.5
EISD860102	3	23	1h9iI	0.09
FASG760101	3	23	1h9iI	105.12
FAUJ880111	3	23	1h9iI	0.0
FAUJ880111	3	23	1h9iI	0.0
FAUJ880112	3	23	1h9iI	0.0
GOLD730101	3	23	1h9iI	0.88
GRAR740102	3	23	1h9iI	6.8
JANJ780101	3	23	1h9iI	26.05
JANJ780102	3	23	1h9iI	56.0
JANJ780103	3	23	1h9iI	12.5
JOND750101	3	23	1h9iI	1.2
JOND920102	3	23	1h9iI	52.0
KLEP840101	3	23	1h9iI	0.0
KRIW790101	3	23	1h9iI	4.12
KRIW790102	3	23	1h9iI	0.22
KYTJ820101	3	23	1h9iI	2.15
MITS020101	3	23	1h9iI	0.0
PONP930101	3	23	1h9iI	1.42
RACS820114	3	23	1h9iI	22.55
RADA880108	3	23	1h9iI	0.57
TAKK010101	3	23	1h9iI	6.4
TAKK010101	3	23	1h9iI	6.4
VINM940101	3	23	1h9iI	0.96
WARP780101	3	23	1h9iI	8.84
WOLR790101	3	23	1h9iI	1.15
ZIMJ680101	3	23	1h9iI	1.16
Sequence_size	3	23	1mctI	4.0
BHAR880101	3	23	1mctI	0.35
CASG920101	3	23	1mctI	0.35
CHAM830107	3	23	1mctI	0.0
CHOP780201	3	23	1mctI	1.29
CHOP780202	3	23	1mctI	0.94
CHOP780203	3	23	1mctI	0.85
CIDH920105	3	23	1mctI	0.4
DAYM780201	3	23	1mctI	75.0
EISD860102	3	23	1mctI	1.03
FASG760101	3	23	1mctI	133.67
FAUJ880111	3	23	1mctI	0.0
FAUJ880111	3	23	1mctI	0.0
FAUJ880112	3	23	1mctI	0.0
GOLD730101	3	23	1mctI	1.15
GRAR740102	3	23	1mctI	6.9
JANJ780101	3	23	1mctI	30.65
JANJ780102	3	23	1mctI	51.5
JANJ780103	3	23	1mctI	17.5
JOND750101	3	23	1mctI	1.58
JOND920102	3	23	1mctI	82.5
KLEP840101	3	23	1mctI	0.0
KRIW790101	3	23	1mctI	3.38
KRIW790102	3	23	1mctI	0.2
KYTJ820101	3	23	1mctI	1.85
MITS020101	3	23	1mctI	0.0
PONP930101	3	23	1mctI	1.14
RACS820114	3	23	1mctI	17.57
RADA880108	3	23	1mctI	0.6
TAKK010101	3	23	1mctI	10.15
TAKK010101	3	23	1mctI	10.15
VINM940101	3	23	1mctI	0.97
WARP780101	3	23	1mctI	9.02
WOLR790101	3	23	1mctI	0.57
ZIMJ680101	3	23	1mctI	1.44
Sequence_size	3	23	1mcvI	4.0
BHAR880101	3	23	1mcvI	0.36
CASG920101	3	23	1mcvI	0.35
CHAM830107	3	23	1mcvI	0.0
CHOP780201	3	23	1mcvI	0.95
CHOP780202	3	23	1mcvI	1.01
CHOP780203	3	23	1mcvI	0.85
CIDH920105	3	23	1mcvI	0.4
DAYM780201	3	23	1mcvI	44.5
EISD860102	3	23	1mcvI	0.09
FASG760101	3	23	1mcvI	105.12
FAUJ880111	3	23	1mcvI	0.0
FAUJ880111	3	23	1mcvI	0.0
FAUJ880112	3	23	1mcvI	0.0
GOLD730101	3	23	1mcvI	0.88
GRAR740102	3	23	1mcvI	6.8
JANJ780101	3	23	1mcvI	26.05
JANJ780102	3	23	1mcvI	56.0
JANJ780103	3	23	1mcvI	12.5
JOND750101	3	23	1mcvI	1.2
JOND920102	3	23	1mcvI	52.0
KLEP840101	3	23	1mcvI	0.0
KRIW790101	3	23	1mcvI	4.12
KRIW790102	3	23	1mcvI	0.22
KYTJ820101	3	23	1mcvI	2.15
MITS020101	3	23	1mcvI	0.0
PONP930101	3	23	1mcvI	1.42
RACS820114	3	23	1mcvI	22.55
RADA880108	3	23	1mcvI	0.57
TAKK010101	3	23	1mcvI	6.4
TAKK010101	3	23	1mcvI	6.4
VINM940101	3	23	1mcvI	0.96
WARP780101	3	23	1mcvI	8.84
WOLR790101	3	23	1mcvI	1.15
ZIMJ680101	3	23	1mcvI	1.16
Sequence_size	3	23	1ppeI	4.0
BHAR880101	3	23	1ppeI	0.36
CASG920101	3	23	1ppeI	0.35
CHAM830107	3	23	1ppeI	0.0
CHOP780201	3	23	1ppeI	1.31
CHOP780202	3	23	1ppeI	1.01
CHOP780203	3	23	1ppeI	0.84
CIDH920105	3	23	1ppeI	0.4
DAYM780201	3	23	1ppeI	70.0
EISD860102	3	23	1ppeI	0.58
FASG760101	3	23	1ppeI	126.16
FAUJ880111	3	23	1ppeI	0.0
FAUJ880111	3	23	1ppeI	0.0
FAUJ880112	3	23	1ppeI	0.0
GOLD730101	3	23	1ppeI	0.88
GRAR740102	3	23	1ppeI	6.8
JANJ780101	3	23	1ppeI	27.7
JANJ780102	3	23	1ppeI	55.5
JANJ780103	3	23	1ppeI	15.5
JOND750101	3	23	1ppeI	1.2
JOND920102	3	23	1ppeI	65.5
KLEP840101	3	23	1ppeI	0.0
KRIW790101	3	23	1ppeI	4.12
KRIW790102	3	23	1ppeI	0.22
KYTJ820101	3	23	1ppeI	2.15
MITS020101	3	23	1ppeI	0.0
PONP930101	3	23	1ppeI	1.42
RACS820114	3	23	1ppeI	16.36
RADA880108	3	23	1ppeI	0.57
TAKK010101	3	23	1ppeI	7.1
TAKK010101	3	23	1ppeI	7.1
VINM940101	3	23	1ppeI	0.96
WARP780101	3	23	1ppeI	8.84
WOLR790101	3	23	1ppeI	0.85
ZIMJ680101	3	23	1ppeI	1.16
Sequence_size	3	23	2btcI	4.0
BHAR880101	3	23	2btcI	0.36
CASG920101	3	23	2btcI	0.35
CHAM830107	3	23	2btcI	0.0
CHOP780201	3	23	2btcI	1.31
CHOP780202	3	23	2btcI	1.01
CHOP780203	3	23	2btcI	0.84
CIDH920105	3	23	2btcI	0.4
DAYM780201	3	23	2btcI	70.0
EISD860102	3	23	2btcI	0.58
FASG760101	3	23	2btcI	126.16
FAUJ880111	3	23	2btcI	0.0
FAUJ880111	3	23	2btcI	0.0
FAUJ880112	3	23	2btcI	0.0
GOLD730101	3	23	2btcI	0.88
GRAR740102	3	23	2btcI	6.8
JANJ780101	3	23	2btcI	27.7
JANJ780102	3	23	2btcI	55.5
JANJ780103	3	23	2btcI	15.5
JOND750101	3	23	2btcI	1.2
JOND920102	3	23	2btcI	65.5
KLEP840101	3	23	2btcI	0.0
KRIW790101	3	23	2btcI	4.12
KRIW790102	3	23	2btcI	0.22
KYTJ820101	3	23	2btcI	2.15
MITS020101	3	23	2btcI	0.0
PONP930101	3	23	2btcI	1.42
RACS820114	3	23	2btcI	16.36
RADA880108	3	23	2btcI	0.57
TAKK010101	3	23	2btcI	7.1
TAKK010101	3	23	2btcI	7.1
VINM940101	3	23	2btcI	0.96
WARP780101	3	23	2btcI	8.84
WOLR790101	3	23	2btcI	0.85
ZIMJ680101	3	23	2btcI	1.16
Sequence_size	3	23	2staI	4.0
BHAR880101	3	23	2staI	0.36
CASG920101	3	23	2staI	0.35
CHAM830107	3	23	2staI	0.0
CHOP780201	3	23	2staI	1.31
CHOP780202	3	23	2staI	1.01
CHOP780203	3	23	2staI	0.84
CIDH920105	3	23	2staI	0.4
DAYM780201	3	23	2staI	70.0
EISD860102	3	23	2staI	0.58
FASG760101	3	23	2staI	126.16
FAUJ880111	3	23	2staI	0.0
FAUJ880111	3	23	2staI	0.0
FAUJ880112	3	23	2staI	0.0
GOLD730101	3	23	2staI	0.88
GRAR740102	3	23	2staI	6.8
JANJ780101	3	23	2staI	27.7
JANJ780102	3	23	2staI	55.5
JANJ780103	3	23	2staI	15.5
JOND750101	3	23	2staI	1.2
JOND920102	3	23	2staI	65.5
KLEP840101	3	23	2staI	0.0
KRIW790101	3	23	2staI	4.12
KRIW790102	3	23	2staI	0.22
KYTJ820101	3	23	2staI	2.15
MITS020101	3	23	2staI	0.0
PONP930101	3	23	2staI	1.42
RACS820114	3	23	2staI	16.36
RADA880108	3	23	2staI	0.57
TAKK010101	3	23	2staI	7.1
TAKK010101	3	23	2staI	7.1
VINM940101	3	23	2staI	0.96
WARP780101	3	23	2staI	8.84
WOLR790101	3	23	2staI	0.85
ZIMJ680101	3	23	2staI	1.16
Sequence_size	3	23	2stbI	4.0
BHAR880101	3	23	2stbI	0.36
CASG920101	3	23	2stbI	0.35
CHAM830107	3	23	2stbI	0.0
CHOP780201	3	23	2stbI	1.31
CHOP780202	3	23	2stbI	1.01
CHOP780203	3	23	2stbI	0.84
CIDH920105	3	23	2stbI	0.4
DAYM780201	3	23	2stbI	70.0
EISD860102	3	23	2stbI	0.58
FASG760101	3	23	2stbI	126.16
FAUJ880111	3	23	2stbI	0.0
FAUJ880111	3	23	2stbI	0.0
FAUJ880112	3	23	2stbI	0.0
GOLD730101	3	23	2stbI	0.88
GRAR740102	3	23	2stbI	6.8
JANJ780101	3	23	2stbI	27.7
JANJ780102	3	23	2stbI	55.5
JANJ780103	3	23	2stbI	15.5
JOND750101	3	23	2stbI	1.2
JOND920102	3	23	2stbI	65.5
KLEP840101	3	23	2stbI	0.0
KRIW790101	3	23	2stbI	4.12
KRIW790102	3	23	2stbI	0.22
KYTJ820101	3	23	2stbI	2.15
MITS020101	3	23	2stbI	0.0
PONP930101	3	23	2stbI	1.42
RACS820114	3	23	2stbI	16.36
RADA880108	3	23	2stbI	0.57
TAKK010101	3	23	2stbI	7.1
TAKK010101	3	23	2stbI	7.1
VINM940101	3	23	2stbI	0.96
WARP780101	3	23	2stbI	8.84
WOLR790101	3	23	2stbI	0.85
ZIMJ680101	3	23	2stbI	1.16
Sequence_size	4	23	1f2sI	2.0
BHAR880101	4	23	1f2sI	0.4
CASG920101	4	23	1f2sI	1.65
CHAM830107	4	23	1f2sI	0.0
CHOP780201	4	23	1f2sI	0.89
CHOP780202	4	23	1f2sI	1.4
CHOP780203	4	23	1f2sI	0.71
CIDH920105	4	23	1f2sI	1.29
DAYM780201	4	23	1f2sI	58.0
EISD860102	4	23	1f2sI	0.68
FASG760101	4	23	1f2sI	126.16
FAUJ880111	4	23	1f2sI	0.0
FAUJ880111	4	23	1f2sI	0.0
FAUJ880112	4	23	1f2sI	0.0
GOLD730101	4	23	1f2sI	1.98
GRAR740102	4	23	1f2sI	5.35
JANJ780101	4	23	1f2sI	19.15
JANJ780102	4	23	1f2sI	70.0
JANJ780103	4	23	1f2sI	9.0
JOND750101	4	23	1f2sI	2.33
JOND920102	4	23	1f2sI	73.5
KLEP840101	4	23	1f2sI	0.0
KRIW790101	4	23	1f2sI	2.02
KRIW790102	4	23	1f2sI	0.11
KYTJ820101	4	23	1f2sI	3.5
MITS020101	4	23	1f2sI	0.0
PONP930101	4	23	1f2sI	2.62
RACS820114	4	23	1f2sI	25.43
RADA880108	4	23	1f2sI	1.33
TAKK010101	4	23	1f2sI	10.1
TAKK010101	4	23	1f2sI	10.1
VINM940101	4	23	1f2sI	0.92
WARP780101	4	23	1f2sI	8.8
WOLR790101	4	23	1f2sI	0.88
ZIMJ680101	4	23	1f2sI	2.27
Sequence_size	4	23	1h9hI	2.0
BHAR880101	4	23	1h9hI	0.37
CASG920101	4	23	1h9hI	1.3
CHAM830107	4	23	1h9hI	0.0
CHOP780201	4	23	1h9hI	0.88
CHOP780202	4	23	1h9hI	1.44
CHOP780203	4	23	1h9hI	0.77
CIDH920105	4	23	1h9hI	0.95
DAYM780201	4	23	1h9hI	47.0
EISD860102	4	23	1h9hI	0.33
FASG760101	4	23	1h9hI	119.15
FAUJ880111	4	23	1h9hI	0.0
FAUJ880111	4	23	1h9hI	0.0
FAUJ880112	4	23	1h9hI	0.0
GOLD730101	4	23	1h9hI	1.35
GRAR740102	4	23	1h9hI	5.7
JANJ780101	4	23	1h9hI	19.6
JANJ780102	4	23	1h9hI	69.0
JANJ780103	4	23	1h9hI	9.5
JOND750101	4	23	1h9hI	1.7
JOND920102	4	23	1h9hI	71.0
KLEP840101	4	23	1h9hI	0.0
KRIW790101	4	23	1h9hI	2.52
KRIW790102	4	23	1h9hI	0.17
KYTJ820101	4	23	1h9hI	3.35
MITS020101	4	23	1h9hI	0.0
PONP930101	4	23	1h9hI	2.31
RACS820114	4	23	1h9hI	26.22
RADA880108	4	23	1h9hI	1.23
TAKK010101	4	23	1h9hI	9.15
TAKK010101	4	23	1h9hI	9.15
VINM940101	4	23	1h9hI	0.92
WARP780101	4	23	1h9hI	8.89
WOLR790101	4	23	1h9hI	0.86
ZIMJ680101	4	23	1h9hI	1.64
Sequence_size	4	23	1h9iI	2.0
BHAR880101	4	23	1h9iI	0.37
CASG920101	4	23	1h9iI	1.3
CHAM830107	4	23	1h9iI	0.0
CHOP780201	4	23	1h9iI	0.88
CHOP780202	4	23	1h9iI	1.44
CHOP780203	4	23	1h9iI	0.77
CIDH920105	4	23	1h9iI	0.95
DAYM780201	4	23	1h9iI	47.0
EISD860102	4	23	1h9iI	0.33
FASG760101	4	23	1h9iI	119.15
FAUJ880111	4	23	1h9iI	0.0
FAUJ880111	4	23	1h9iI	0.0
FAUJ880112	4	23	1h9iI	0.0
GOLD730101	4	23	1h9iI	1.35
GRAR740102	4	23	1h9iI	5.7
JANJ780101	4	23	1h9iI	19.6
JANJ780102	4	23	1h9iI	69.0
JANJ780103	4	23	1h9iI	9.5
JOND750101	4	23	1h9iI	1.7
JOND920102	4	23	1h9iI	71.0
KLEP840101	4	23	1h9iI	0.0
KRIW790101	4	23	1h9iI	2.52
KRIW790102	4	23	1h9iI	0.17
KYTJ820101	4	23	1h9iI	3.35
MITS020101	4	23	1h9iI	0.0
PONP930101	4	23	1h9iI	2.31
RACS820114	4	23	1h9iI	26.22
RADA880108	4	23	1h9iI	1.23
TAKK010101	4	23	1h9iI	9.15
TAKK010101	4	23	1h9iI	9.15
VINM940101	4	23	1h9iI	0.92
WARP780101	4	23	1h9iI	8.89
WOLR790101	4	23	1h9iI	0.86
ZIMJ680101	4	23	1h9iI	1.64
Sequence_size	4	23	1mctI	2.0
BHAR880101	4	23	1mctI	0.4
CASG920101	4	23	1mctI	1.65
CHAM830107	4	23	1mctI	0.0
CHOP780201	4	23	1mctI	0.89
CHOP780202	4	23	1mctI	1.4
CHOP780203	4	23	1mctI	0.71
CIDH920105	4	23	1mctI	1.29
DAYM780201	4	23	1mctI	58.0
EISD860102	4	23	1mctI	0.68
FASG760101	4	23	1mctI	126.16
FAUJ880111	4	23	1mctI	0.0
FAUJ880111	4	23	1mctI	0.0
FAUJ880112	4	23	1mctI	0.0
GOLD730101	4	23	1mctI	1.98
GRAR740102	4	23	1mctI	5.35
JANJ780101	4	23	1mctI	19.15
JANJ780102	4	23	1mctI	70.0
JANJ780103	4	23	1mctI	9.0
JOND750101	4	23	1mctI	2.33
JOND920102	4	23	1mctI	73.5
KLEP840101	4	23	1mctI	0.0
KRIW790101	4	23	1mctI	2.02
KRIW790102	4	23	1mctI	0.11
KYTJ820101	4	23	1mctI	3.5
MITS020101	4	23	1mctI	0.0
PONP930101	4	23	1mctI	2.62
RACS820114	4	23	1mctI	25.43
RADA880108	4	23	1mctI	1.33
TAKK010101	4	23	1mctI	10.1
TAKK010101	4	23	1mctI	10.1
VINM940101	4	23	1mctI	0.92
WARP780101	4	23	1mctI	8.8
WOLR790101	4	23	1mctI	0.88
ZIMJ680101	4	23	1mctI	2.27
Sequence_size	4	23	1mcvI	2.0
BHAR880101	4	23	1mcvI	0.37
CASG920101	4	23	1mcvI	1.3
CHAM830107	4	23	1mcvI	0.0
CHOP780201	4	23	1mcvI	0.88
CHOP780202	4	23	1mcvI	1.44
CHOP780203	4	23	1mcvI	0.77
CIDH920105	4	23	1mcvI	0.95
DAYM780201	4	23	1mcvI	47.0
EISD860102	4	23	1mcvI	0.33
FASG760101	4	23	1mcvI	119.15
FAUJ880111	4	23	1mcvI	0.0
FAUJ880111	4	23	1mcvI	0.0
FAUJ880112	4	23	1mcvI	0.0
GOLD730101	4	23	1mcvI	1.35
GRAR740102	4	23	1mcvI	5.7
JANJ780101	4	23	1mcvI	19.6
JANJ780102	4	23	1mcvI	69.0
JANJ780103	4	23	1mcvI	9.5
JOND750101	4	23	1mcvI	1.7
JOND920102	4	23	1mcvI	71.0
KLEP840101	4	23	1mcvI	0.0
KRIW790101	4	23	1mcvI	2.52
KRIW790102	4	23	1mcvI	0.17
KYTJ820101	4	23	1mcvI	3.35
MITS020101	4	23	1mcvI	0.0
PONP930101	4	23	1mcvI	2.31
RACS820114	4	23	1mcvI	26.22
RADA880108	4	23	1mcvI	1.23
TAKK010101	4	23	1mcvI	9.15
TAKK010101	4	23	1mcvI	9.15
VINM940101	4	23	1mcvI	0.92
WARP780101	4	23	1mcvI	8.89
WOLR790101	4	23	1mcvI	0.86
ZIMJ680101	4	23	1mcvI	1.64
Sequence_size	4	23	1ppeI	2.0
BHAR880101	4	23	1ppeI	0.37
CASG920101	4	23	1ppeI	1.3
CHAM830107	4	23	1ppeI	0.0
CHOP780201	4	23	1ppeI	0.88
CHOP780202	4	23	1ppeI	1.44
CHOP780203	4	23	1ppeI	0.77
CIDH920105	4	23	1ppeI	0.95
DAYM780201	4	23	1ppeI	47.0
EISD860102	4	23	1ppeI	0.33
FASG760101	4	23	1ppeI	119.15
FAUJ880111	4	23	1ppeI	0.0
FAUJ880111	4	23	1ppeI	0.0
FAUJ880112	4	23	1ppeI	0.0
GOLD730101	4	23	1ppeI	1.35
GRAR740102	4	23	1ppeI	5.7
JANJ780101	4	23	1ppeI	19.6
JANJ780102	4	23	1ppeI	69.0
JANJ780103	4	23	1ppeI	9.5
JOND750101	4	23	1ppeI	1.7
JOND920102	4	23	1ppeI	71.0
KLEP840101	4	23	1ppeI	0.0
KRIW790101	4	23	1ppeI	2.52
KRIW790102	4	23	1ppeI	0.17
KYTJ820101	4	23	1ppeI	3.35
MITS020101	4	23	1ppeI	0.0
PONP930101	4	23	1ppeI	2.31
RACS820114	4	23	1ppeI	26.22
RADA880108	4	23	1ppeI	1.23
TAKK010101	4	23	1ppeI	9.15
TAKK010101	4	23	1ppeI	9.15
VINM940101	4	23	1ppeI	0.92
WARP780101	4	23	1ppeI	8.89
WOLR790101	4	23	1ppeI	0.86
ZIMJ680101	4	23	1ppeI	1.64
Sequence_size	4	23	2btcI	2.0
BHAR880101	4	23	2btcI	0.4
CASG920101	4	23	2btcI	1.65
CHAM830107	4	23	2btcI	0.0
CHOP780201	4	23	2btcI	0.89
CHOP780202	4	23	2btcI	1.4
CHOP780203	4	23	2btcI	0.71
CIDH920105	4	23	2btcI	1.29
DAYM780201	4	23	2btcI	58.0
EISD860102	4	23	2btcI	0.68
FASG760101	4	23	2btcI	126.16
FAUJ880111	4	23	2btcI	0.0
FAUJ880111	4	23	2btcI	0.0
FAUJ880112	4	23	2btcI	0.0
GOLD730101	4	23	2btcI	1.98
GRAR740102	4	23	2btcI	5.35
JANJ780101	4	23	2btcI	19.15
JANJ780102	4	23	2btcI	70.0
JANJ780103	4	23	2btcI	9.0
JOND750101	4	23	2btcI	2.33
JOND920102	4	23	2btcI	73.5
KLEP840101	4	23	2btcI	0.0
KRIW790101	4	23	2btcI	2.02
KRIW790102	4	23	2btcI	0.11
KYTJ820101	4	23	2btcI	3.5
MITS020101	4	23	2btcI	0.0
PONP930101	4	23	2btcI	2.62
RACS820114	4	23	2btcI	25.43
RADA880108	4	23	2btcI	1.33
TAKK010101	4	23	2btcI	10.1
TAKK010101	4	23	2btcI	10.1
VINM940101	4	23	2btcI	0.92
WARP780101	4	23	2btcI	8.8
WOLR790101	4	23	2btcI	0.88
ZIMJ680101	4	23	2btcI	2.27
Sequence_size	4	23	2staI	2.0
BHAR880101	4	23	2staI	0.37
CASG920101	4	23	2staI	1.3
CHAM830107	4	23	2staI	0.0
CHOP780201	4	23	2staI	0.88
CHOP780202	4	23	2staI	1.44
CHOP780203	4	23	2staI	0.77
CIDH920105	4	23	2staI	0.95
DAYM780201	4	23	2staI	47.0
EISD860102	4	23	2staI	0.33
FASG760101	4	23	2staI	119.15
FAUJ880111	4	23	2staI	0.0
FAUJ880111	4	23	2staI	0.0
FAUJ880112	4	23	2staI	0.0
GOLD730101	4	23	2staI	1.35
GRAR740102	4	23	2staI	5.7
JANJ780101	4	23	2staI	19.6
JANJ780102	4	23	2staI	69.0
JANJ780103	4	23	2staI	9.5
JOND750101	4	23	2staI	1.7
JOND920102	4	23	2staI	71.0
KLEP840101	4	23	2staI	0.0
KRIW790101	4	23	2staI	2.52
KRIW790102	4	23	2staI	0.17
KYTJ820101	4	23	2staI	3.35
MITS020101	4	23	2staI	0.0
PONP930101	4	23	2staI	2.31
RACS820114	4	23	2staI	26.22
RADA880108	4	23	2staI	1.23
TAKK010101	4	23	2staI	9.15
TAKK010101	4	23	2staI	9.15
VINM940101	4	23	2staI	0.92
WARP780101	4	23	2staI	8.89
WOLR790101	4	23	2staI	0.86
ZIMJ680101	4	23	2staI	1.64
Sequence_size	4	23	2stbI	2.0
BHAR880101	4	23	2stbI	0.4
CASG920101	4	23	2stbI	1.65
CHAM830107	4	23	2stbI	0.0
CHOP780201	4	23	2stbI	0.89
CHOP780202	4	23	2stbI	1.4
CHOP780203	4	23	2stbI	0.71
CIDH920105	4	23	2stbI	1.29
DAYM780201	4	23	2stbI	58.0
EISD860102	4	23	2stbI	0.68
FASG760101	4	23	2stbI	126.16
FAUJ880111	4	23	2stbI	0.0
FAUJ880111	4	23	2stbI	0.0
FAUJ880112	4	23	2stbI	0.0
GOLD730101	4	23	2stbI	1.98
GRAR740102	4	23	2stbI	5.35
JANJ780101	4	23	2stbI	19.15
JANJ780102	4	23	2stbI	70.0
JANJ780103	4	23	2stbI	9.0
JOND750101	4	23	2stbI	2.33
JOND920102	4	23	2stbI	73.5
KLEP840101	4	23	2stbI	0.0
KRIW790101	4	23	2stbI	2.02
KRIW790102	4	23	2stbI	0.11
KYTJ820101	4	23	2stbI	3.5
MITS020101	4	23	2stbI	0.0
PONP930101	4	23	2stbI	2.62
RACS820114	4	23	2stbI	25.43
RADA880108	4	23	2stbI	1.33
TAKK010101	4	23	2stbI	10.1
TAKK010101	4	23	2stbI	10.1
VINM940101	4	23	2stbI	0.92
WARP780101	4	23	2stbI	8.8
WOLR790101	4	23	2stbI	0.88
ZIMJ680101	4	23	2stbI	2.27
Sequence_size	5	23	1f2sI	6.0
BHAR880101	5	23	1f2sI	0.35
CASG920101	5	23	1f2sI	0.6
CHAM830107	5	23	1f2sI	0.0
CHOP780201	5	23	1f2sI	0.85
CHOP780202	5	23	1f2sI	1.12
CHOP780203	5	23	1f2sI	0.95
CIDH920105	5	23	1f2sI	0.77
DAYM780201	5	23	1f2sI	57.5
EISD860102	5	23	1f2sI	0.33
FASG760101	5	23	1f2sI	121.15
FAUJ880111	5	23	1f2sI	0.0
FAUJ880111	5	23	1f2sI	0.0
FAUJ880112	5	23	1f2sI	0.0
GOLD730101	5	23	1f2sI	1.0
GRAR740102	5	23	1f2sI	5.8
JANJ780101	5	23	1f2sI	24.1
JANJ780102	5	23	1f2sI	58.0
JANJ780103	5	23	1f2sI	12.0
JOND750101	5	23	1f2sI	1.52
JOND920102	5	23	1f2sI	70.5
KLEP840101	5	23	1f2sI	0.0
KRIW790101	5	23	1f2sI	2.88
KRIW790102	5	23	1f2sI	0.17
KYTJ820101	5	23	1f2sI	2.2
MITS020101	5	23	1f2sI	0.0
PONP930101	5	23	1f2sI	1.76
RACS820114	5	23	1f2sI	26.6
RADA880108	5	23	1f2sI	1.18
TAKK010101	5	23	1f2sI	7.45
TAKK010101	5	23	1f2sI	7.45
VINM940101	5	23	1f2sI	0.94
WARP780101	5	23	1f2sI	8.89
WOLR790101	5	23	1f2sI	0.59
ZIMJ680101	5	23	1f2sI	1.44
Sequence_size	5	23	1h9hI	7.0
BHAR880101	5	23	1h9hI	0.46
CASG920101	5	23	1h9hI	-0.1
CHAM830107	5	23	1h9hI	0.0
CHOP780201	5	23	1h9hI	0.67
CHOP780202	5	23	1h9hI	0.89
CHOP780203	5	23	1h9hI	1.46
CIDH920105	5	23	1h9hI	-0.09
DAYM780201	5	23	1h9hI	49.0
EISD860102	5	23	1h9hI	0.17
FASG760101	5	23	1h9hI	121.15
FAUJ880111	5	23	1h9hI	0.0
FAUJ880111	5	23	1h9hI	0.0
FAUJ880112	5	23	1h9hI	0.0
GOLD730101	5	23	1h9hI	1.0
GRAR740102	5	23	1h9hI	8.0
JANJ780101	5	23	1h9hI	24.5
JANJ780102	5	23	1h9hI	52.0
JANJ780103	5	23	1h9hI	10.0
JOND750101	5	23	1h9hI	1.52
JOND920102	5	23	1h9hI	50.0
KLEP840101	5	23	1h9hI	0.0
KRIW790101	5	23	1h9hI	6.09
KRIW790102	5	23	1h9hI	0.28
KYTJ820101	5	23	1h9hI	-0.4
MITS020101	5	23	1h9hI	0.0
PONP930101	5	23	1h9hI	0.0
RACS820114	5	23	1h9hI	30.57
RADA880108	5	23	1h9hI	0.0
TAKK010101	5	23	1h9hI	3.0
TAKK010101	5	23	1h9hI	3.0
VINM940101	5	23	1h9hI	1.03
WARP780101	5	23	1h9hI	7.99
WOLR790101	5	23	1h9hI	0.59
ZIMJ680101	5	23	1h9hI	1.48
Sequence_size	5	23	1h9iI	7.0
BHAR880101	5	23	1h9iI	0.44
CASG920101	5	23	1h9iI	-0.4
CHAM830107	5	23	1h9iI	0.0
CHOP780201	5	23	1h9iI	0.7
CHOP780202	5	23	1h9iI	1.19
CHOP780203	5	23	1h9iI	0.98
CIDH920105	5	23	1h9iI	-0.41
DAYM780201	5	23	1h9iI	56.0
EISD860102	5	23	1h9iI	1.3
FASG760101	5	23	1h9iI	132.12
FAUJ880111	5	23	1h9iI	0.0
FAUJ880111	5	23	1h9iI	0.0
FAUJ880112	5	23	1h9iI	0.0
GOLD730101	5	23	1h9iI	1.0
GRAR740102	5	23	1h9iI	8.6
JANJ780101	5	23	1h9iI	45.0
JANJ780102	5	23	1h9iI	30.0
JANJ780103	5	23	1h9iI	32.0
JOND750101	5	23	1h9iI	1.52
JOND920102	5	23	1h9iI	72.0
KLEP840101	5	23	1h9iI	0.0
KRIW790101	5	23	1h9iI	5.16
KRIW790102	5	23	1h9iI	0.26
KYTJ820101	5	23	1h9iI	-0.7
MITS020101	5	23	1h9iI	0.0
PONP930101	5	23	1h9iI	-0.08
RACS820114	5	23	1h9iI	19.61
RADA880108	5	23	1h9iI	-0.27
TAKK010101	5	23	1h9iI	3.6
TAKK010101	5	23	1h9iI	3.6
VINM940101	5	23	1h9iI	1.0
WARP780101	5	23	1h9iI	7.0
WOLR790101	5	23	1h9iI	-0.02
ZIMJ680101	5	23	1h9iI	1.48
Sequence_size	5	23	1mctI	6.0
BHAR880101	5	23	1mctI	0.35
CASG920101	5	23	1mctI	0.55
CHAM830107	5	23	1mctI	0.0
CHOP780201	5	23	1mctI	0.85
CHOP780202	5	23	1mctI	1.03
CHOP780203	5	23	1mctI	0.95
CIDH920105	5	23	1mctI	0.52
DAYM780201	5	23	1mctI	57.5
EISD860102	5	23	1mctI	0.17
FASG760101	5	23	1mctI	119.15
FAUJ880111	5	23	1mctI	0.0
FAUJ880111	5	23	1mctI	0.0
FAUJ880112	5	23	1mctI	0.0
GOLD730101	5	23	1mctI	0.88
GRAR740102	5	23	1mctI	7.0
JANJ780101	5	23	1mctI	24.1
JANJ780102	5	23	1mctI	58.0
JANJ780103	5	23	1mctI	12.0
JOND750101	5	23	1mctI	1.2
JOND920102	5	23	1mctI	70.5
KLEP840101	5	23	1mctI	0.0
KRIW790101	5	23	1mctI	3.82
KRIW790102	5	23	1mctI	0.23
KYTJ820101	5	23	1mctI	2.15
MITS020101	5	23	1mctI	0.0
PONP930101	5	23	1mctI	1.48
RACS820114	5	23	1mctI	26.6
RADA880108	5	23	1mctI	0.79
TAKK010101	5	23	1mctI	6.4
TAKK010101	5	23	1mctI	6.4
VINM940101	5	23	1mctI	0.94
WARP780101	5	23	1mctI	8.89
WOLR790101	5	23	1mctI	0.85
ZIMJ680101	5	23	1mctI	1.29
Sequence_size	5	23	1mcvI	7.0
BHAR880101	5	23	1mcvI	0.46
CASG920101	5	23	1mcvI	-0.1
CHAM830107	5	23	1mcvI	0.0
CHOP780201	5	23	1mcvI	0.67
CHOP780202	5	23	1mcvI	0.89
CHOP780203	5	23	1mcvI	1.46
CIDH920105	5	23	1mcvI	-0.09
DAYM780201	5	23	1mcvI	49.0
EISD860102	5	23	1mcvI	0.17
FASG760101	5	23	1mcvI	121.15
FAUJ880111	5	23	1mcvI	0.0
FAUJ880111	5	23	1mcvI	0.0
FAUJ880112	5	23	1mcvI	0.0
GOLD730101	5	23	1mcvI	1.0
GRAR740102	5	23	1mcvI	8.0
JANJ780101	5	23	1mcvI	24.5
JANJ780102	5	23	1mcvI	52.0
JANJ780103	5	23	1mcvI	10.0
JOND750101	5	23	1mcvI	1.52
JOND920102	5	23	1mcvI	50.0
KLEP840101	5	23	1mcvI	0.0
KRIW790101	5	23	1mcvI	6.09
KRIW790102	5	23	1mcvI	0.28
KYTJ820101	5	23	1mcvI	-0.4
MITS020101	5	23	1mcvI	0.0
PONP930101	5	23	1mcvI	0.0
RACS820114	5	23	1mcvI	30.57
RADA880108	5	23	1mcvI	0.0
TAKK010101	5	23	1mcvI	3.0
TAKK010101	5	23	1mcvI	3.0
VINM940101	5	23	1mcvI	1.03
WARP780101	5	23	1mcvI	7.99
WOLR790101	5	23	1mcvI	0.59
ZIMJ680101	5	23	1mcvI	1.48
Sequence_size	5	23	1ppeI	7.0
BHAR880101	5	23	1ppeI	0.36
CASG920101	5	23	1ppeI	0.5
CHAM830107	5	23	1ppeI	0.0
CHOP780201	5	23	1ppeI	0.7
CHOP780202	5	23	1ppeI	1.19
CHOP780203	5	23	1ppeI	0.96
CIDH920105	5	23	1ppeI	0.77
DAYM780201	5	23	1ppeI	41.0
EISD860102	5	23	1ppeI	0.99
FASG760101	5	23	1ppeI	131.17
FAUJ880111	5	23	1ppeI	0.0
FAUJ880111	5	23	1ppeI	0.0
FAUJ880112	5	23	1ppeI	0.0
GOLD730101	5	23	1ppeI	1.0
GRAR740102	5	23	1ppeI	6.2
JANJ780101	5	23	1ppeI	27.6
JANJ780102	5	23	1ppeI	52.0
JANJ780103	5	23	1ppeI	16.0
JOND750101	5	23	1ppeI	1.52
JOND920102	5	23	1ppeI	50.0
KLEP840101	5	23	1ppeI	0.0
KRIW790101	5	23	1ppeI	3.93
KRIW790102	5	23	1ppeI	0.23
KYTJ820101	5	23	1ppeI	-0.4
MITS020101	5	23	1ppeI	0.0
PONP930101	5	23	1ppeI	1.37
RACS820114	5	23	1ppeI	26.36
RADA880108	5	23	1ppeI	0.49
TAKK010101	5	23	1ppeI	4.4
TAKK010101	5	23	1ppeI	4.4
VINM940101	5	23	1ppeI	0.94
WARP780101	5	23	1ppeI	7.99
WOLR790101	5	23	1ppeI	0.59
ZIMJ680101	5	23	1ppeI	1.48
Sequence_size	5	23	2btcI	7.0
BHAR880101	5	23	2btcI	0.36
CASG920101	5	23	2btcI	0.5
CHAM830107	5	23	2btcI	0.0
CHOP780201	5	23	2btcI	0.7
CHOP780202	5	23	2btcI	1.19
CHOP780203	5	23	2btcI	0.96
CIDH920105	5	23	2btcI	0.77
DAYM780201	5	23	2btcI	41.0
EISD860102	5	23	2btcI	0.99
FASG760101	5	23	2btcI	131.17
FAUJ880111	5	23	2btcI	0.0
FAUJ880111	5	23	2btcI	0.0
FAUJ880112	5	23	2btcI	0.0
GOLD730101	5	23	2btcI	1.0
GRAR740102	5	23	2btcI	6.2
JANJ780101	5	23	2btcI	27.6
JANJ780102	5	23	2btcI	52.0
JANJ780103	5	23	2btcI	16.0
JOND750101	5	23	2btcI	1.52
JOND920102	5	23	2btcI	50.0
KLEP840101	5	23	2btcI	0.0
KRIW790101	5	23	2btcI	3.93
KRIW790102	5	23	2btcI	0.23
KYTJ820101	5	23	2btcI	-0.4
MITS020101	5	23	2btcI	0.0
PONP930101	5	23	2btcI	1.37
RACS820114	5	23	2btcI	26.36
RADA880108	5	23	2btcI	0.49
TAKK010101	5	23	2btcI	4.4
TAKK010101	5	23	2btcI	4.4
VINM940101	5	23	2btcI	0.94
WARP780101	5	23	2btcI	7.99
WOLR790101	5	23	2btcI	0.59
ZIMJ680101	5	23	2btcI	1.48
Sequence_size	5	23	2staI	7.0
BHAR880101	5	23	2staI	0.36
CASG920101	5	23	2staI	0.5
CHAM830107	5	23	2staI	0.0
CHOP780201	5	23	2staI	0.7
CHOP780202	5	23	2staI	1.19
CHOP780203	5	23	2staI	0.96
CIDH920105	5	23	2staI	0.77
DAYM780201	5	23	2staI	41.0
EISD860102	5	23	2staI	0.99
FASG760101	5	23	2staI	131.17
FAUJ880111	5	23	2staI	0.0
FAUJ880111	5	23	2staI	0.0
FAUJ880112	5	23	2staI	0.0
GOLD730101	5	23	2staI	1.0
GRAR740102	5	23	2staI	6.2
JANJ780101	5	23	2staI	27.6
JANJ780102	5	23	2staI	52.0
JANJ780103	5	23	2staI	16.0
JOND750101	5	23	2staI	1.52
JOND920102	5	23	2staI	50.0
KLEP840101	5	23	2staI	0.0
KRIW790101	5	23	2staI	3.93
KRIW790102	5	23	2staI	0.23
KYTJ820101	5	23	2staI	-0.4
MITS020101	5	23	2staI	0.0
PONP930101	5	23	2staI	1.37
RACS820114	5	23	2staI	26.36
RADA880108	5	23	2staI	0.49
TAKK010101	5	23	2staI	4.4
TAKK010101	5	23	2staI	4.4
VINM940101	5	23	2staI	0.94
WARP780101	5	23	2staI	7.99
WOLR790101	5	23	2staI	0.59
ZIMJ680101	5	23	2staI	1.48
Sequence_size	5	23	2stbI	7.0
BHAR880101	5	23	2stbI	0.36
CASG920101	5	23	2stbI	0.5
CHAM830107	5	23	2stbI	0.0
CHOP780201	5	23	2stbI	0.7
CHOP780202	5	23	2stbI	1.19
CHOP780203	5	23	2stbI	0.96
CIDH920105	5	23	2stbI	0.77
DAYM780201	5	23	2stbI	41.0
EISD860102	5	23	2stbI	0.99
FASG760101	5	23	2stbI	131.17
FAUJ880111	5	23	2stbI	0.0
FAUJ880111	5	23	2stbI	0.0
FAUJ880112	5	23	2stbI	0.0
GOLD730101	5	23	2stbI	1.0
GRAR740102	5	23	2stbI	6.2
JANJ780101	5	23	2stbI	27.6
JANJ780102	5	23	2stbI	52.0
JANJ780103	5	23	2stbI	16.0
JOND750101	5	23	2stbI	1.52
JOND920102	5	23	2stbI	50.0
KLEP840101	5	23	2stbI	0.0
KRIW790101	5	23	2stbI	3.93
KRIW790102	5	23	2stbI	0.23
KYTJ820101	5	23	2stbI	-0.4
MITS020101	5	23	2stbI	0.0
PONP930101	5	23	2stbI	1.37
RACS820114	5	23	2stbI	26.36
RADA880108	5	23	2stbI	0.49
TAKK010101	5	23	2stbI	4.4
TAKK010101	5	23	2stbI	4.4
VINM940101	5	23	2stbI	0.94
WARP780101	5	23	2stbI	7.99
WOLR790101	5	23	2stbI	0.59
ZIMJ680101	5	23	2stbI	1.48
